{"cameraMode":{"drawMode":0,"name":"Shaded","section":"Shading Mode"},"sceneLighting":false,"audioPlay":false,"sceneViewState":{"showFog":false,"showMaterialUpdate":false,"showSkybox":false,"showFlares":false,"showImageEffects":false,"showParticleSystems":false},"in2DMode":false,"pivot":{"x":0.8516495823860169,"y":-0.1144324541091919,"z":-0.23374676704406739},"rotation":{"x":0.15712980926036836,"y":0.01808229461312294,"z":-0.0028785059694200756,"w":0.9874106049537659},"size":2.6345374584198,"orthographic":false}